id,ps_ind_01,ps_ind_02_cat,ps_ind_03,ps_ind_04_cat,ps_ind_05_cat,ps_ind_06_bin,ps_ind_07_bin,ps_ind_08_bin,ps_ind_09_bin,ps_ind_10_bin,ps_ind_11_bin,ps_ind_12_bin,ps_ind_13_bin,ps_ind_14,ps_ind_15,ps_ind_16_bin,ps_ind_17_bin,ps_ind_18_bin,ps_reg_01,ps_reg_02,ps_reg_03,ps_car_01_cat,ps_car_02_cat,ps_car_03_cat,ps_car_04_cat,ps_car_05_cat,ps_car_06_cat,ps_car_07_cat,ps_car_08_cat,ps_car_09_cat,ps_car_10_cat,ps_car_11_cat,ps_car_11,ps_car_12,ps_car_13,ps_car_14,ps_car_15,ps_calc_01,ps_calc_02,ps_calc_03,ps_calc_04,ps_calc_05,ps_calc_06,ps_calc_07,ps_calc_08,ps_calc_09,ps_calc_10,ps_calc_11,ps_calc_12,ps_calc_13,ps_calc_14,ps_calc_15_bin,ps_calc_16_bin,ps_calc_17_bin,ps_calc_18_bin,ps_calc_19_bin,ps_calc_20_bin
0,0,1,8,1,0,0,1,0,0,0,0,0,0,0,12,1,0,0,0.5,0.3,0.610327781,7,1,-1,0,-1,1,1,1,2,1,65,1,0.316227766,0.669556409,0.352136337,3.464101615,0.1,0.8,0.6,1,1,6,3,6,2,9,1,1,1,12,0,1,1,0,0,1
1,4,2,5,1,0,0,0,0,1,0,0,0,0,0,5,1,0,0,0.9,0.5,0.771362431,4,1,-1,0,0,11,1,1,0,1,103,1,0.316227766,0.60632002,0.358329457,2.828427125,0.4,0.5,0.4,3,3,8,4,10,2,7,2,0,3,10,0,0,1,1,0,1
2,5,1,3,0,0,0,0,0,1,0,0,0,0,0,10,0,0,0,0.4,0,0.91617411,11,1,-1,0,-1,14,1,1,2,1,29,3,0.4,0.896238697,0.398497177,3.31662479,0.6,0.6,0.6,2,3,7,4,6,3,12,4,0,2,4,0,0,0,0,0,0
3,0,1,6,0,0,1,0,0,0,0,0,0,0,0,4,1,0,0,0.1,0.2,-1,7,1,-1,0,-1,1,1,1,2,1,40,2,0.374165739,0.652110369,0.381444623,2.449489743,0.1,0.5,0.5,2,1,7,3,12,1,13,5,1,0,5,1,0,1,0,0,0
4,5,1,7,0,0,0,0,0,1,0,0,0,0,0,4,1,0,0,0.9,0.4,0.817771362,11,1,-1,0,-1,11,1,1,2,1,101,3,0.374165739,0.812914357,0.38509739,3.31662479,0.9,0.6,0.8,3,4,7,1,10,4,12,4,0,0,4,0,1,1,0,0,1
5,0,1,6,0,0,1,0,0,0,0,0,0,0,0,10,1,0,0,0.9,0.5,0.759934208,9,1,-1,0,-1,11,0,0,2,1,11,2,0.316227766,0.750922298,0.368781778,3.605551276,0.7,0.9,0.4,2,1,9,5,9,4,12,8,1,4,9,1,0,1,0,1,0
6,0,1,3,0,0,0,1,0,0,0,0,0,0,0,11,0,1,0,0.1,0.1,-1,6,1,-1,0,0,1,1,1,0,1,10,2,0.316227766,0.724568837,0.381444623,3.31662479,0.9,0.8,0.8,1,1,7,3,9,5,6,2,0,4,6,1,1,0,0,0,0
8,0,1,0,0,0,1,0,0,0,0,0,0,0,0,7,1,0,0,0.9,1.1,1.145916664,7,1,-1,0,-1,11,1,1,2,1,103,3,0.316227766,0.586610237,0.358329457,2.645751311,0.8,0.9,0.5,2,2,8,4,11,2,8,3,1,4,9,0,1,0,0,0,0
10,0,1,7,0,0,0,1,0,0,0,0,0,0,0,6,1,0,0,0.4,0,0.597390157,11,0,1,1,0,2,-1,0,0,1,104,2,0.447213595,1.640147141,0.367423461,3.741657387,0.9,0.3,0,2,2,9,7,9,0,10,5,1,4,6,0,0,1,0,0,0
11,1,1,6,0,0,0,0,0,1,0,0,0,0,0,7,0,1,0,0.9,1,-1,11,0,-1,0,-1,4,1,1,2,1,104,2,0.447213595,1.04133576,0.422492604,3.464101615,0,0.9,0.7,2,1,7,1,9,1,11,6,1,6,10,0,1,1,0,0,0
12,0,1,5,0,4,1,0,0,0,0,0,0,0,0,3,1,0,0,0.4,0,0.632949445,11,1,-1,0,-1,11,1,0,0,1,103,3,0.316227766,0.755831325,0.358329457,3.605551276,0.2,0.5,0,2,2,5,5,7,2,10,2,1,1,8,0,1,1,1,0,0
14,1,1,4,0,0,1,0,0,0,0,0,0,0,0,9,1,0,0,0.4,0,0.620483682,11,1,-1,0,-1,7,1,0,2,1,104,3,0.4,1.025118417,0.41761226,3.605551276,0,0.8,0.3,2,2,9,3,10,1,4,4,2,7,8,0,1,0,1,0,0
15,1,1,2,1,0,0,1,0,0,0,0,0,0,0,8,1,0,0,0.9,1.7,1.577379155,11,0,1,0,1,6,1,1,2,1,104,2,0.447213595,1.028287914,-1,3.31662479,0.8,0.3,0.9,3,1,8,0,9,4,7,3,4,0,12,1,1,0,0,1,0
18,3,1,3,0,0,0,1,0,0,0,0,0,0,0,0,1,0,0,0.9,0.7,1.060365503,11,1,-1,1,-1,1,1,0,1,1,35,1,0.374165739,0.953202518,0.353553391,3.605551276,0.6,0.4,0.7,2,2,7,1,9,1,13,7,0,5,9,0,0,0,1,0,0
21,0,2,1,0,6,1,0,0,0,0,0,0,0,0,8,0,0,0,0.4,0.5,1.058890929,6,0,-1,0,1,11,1,1,0,1,104,2,0.447213595,0.799496226,0.411096096,3.16227766,0.8,0.5,0.1,2,3,7,3,9,4,7,6,3,5,6,0,0,1,0,0,0
23,2,2,2,0,0,0,0,1,0,0,0,0,0,0,9,1,0,0,0.6,0.2,0.560691537,11,1,-1,2,-1,0,1,1,2,1,104,0,0.422018957,0.621332213,0.411703777,1.414213562,0,0.5,0,1,4,8,3,9,3,11,9,0,2,11,0,0,1,1,0,0
24,2,1,3,0,0,0,0,1,0,0,0,0,0,0,0,0,0,1,0.5,0.2,0.640312424,6,1,-1,0,-1,14,1,1,2,1,60,1,0.316227766,0.616659221,0.347275107,3.16227766,0.9,0.8,0.3,4,0,9,1,11,3,7,3,1,2,8,0,1,1,0,0,0
25,0,2,0,1,-1,1,0,0,0,0,0,0,0,0,8,1,0,0,0.9,0.4,0.637867541,10,1,0,0,1,11,-1,1,2,1,103,3,0.316227766,0.622694093,0.288790582,3,0.3,0.5,0.5,3,2,8,5,8,1,6,5,2,3,9,1,1,1,0,1,0
27,3,2,1,0,0,1,0,0,0,0,0,0,0,0,8,1,0,0,0.4,0,0.559016994,7,1,-1,0,-1,11,1,1,3,1,16,3,0.399749922,0.47977698,0.366742416,0,0.3,0.5,0.2,3,2,7,6,10,5,12,4,3,5,9,0,1,1,0,1,0
29,1,1,4,1,6,0,1,0,0,0,0,0,0,0,12,1,0,0,0.2,0.2,-1,11,0,-1,1,-1,0,1,1,2,1,75,2,0.447213595,1.115962321,0.444072066,3.464101615,0.1,0.1,0.2,2,2,5,2,11,2,8,3,2,2,6,0,0,1,0,0,0
30,0,1,4,0,0,1,0,0,0,0,0,0,0,0,8,0,0,1,0.9,0.4,0.654790043,5,1,1,0,0,0,1,0,1,1,78,3,0.4,0.942302438,0.328785645,3.741657387,0.4,0.7,0.4,3,2,9,4,10,1,8,3,1,4,6,1,1,0,1,0,0
31,6,2,1,0,0,0,0,0,1,0,0,0,0,0,5,0,0,1,0.9,0.5,0.938749168,6,1,-1,0,1,11,1,0,0,1,69,2,0.424264069,1.206439335,-1,3.741657387,0.8,0.4,0,1,2,8,1,9,1,7,4,2,4,7,0,1,0,0,1,0
32,0,1,8,0,0,0,1,0,0,0,0,0,0,0,9,1,0,0,0.3,0,1.757306177,11,0,0,1,1,14,1,1,2,1,104,2,0.5,1.212452606,0.390256326,3.464101615,0.1,0.2,0.9,4,2,10,5,10,1,7,2,0,4,10,0,0,1,1,0,0
33,1,1,2,0,0,1,0,0,0,0,0,0,0,0,8,1,0,0,0.4,0,0.689202438,7,1,-1,0,-1,1,1,1,3,1,10,2,0.316227766,0.537152732,0.318590646,1.732050808,0.9,0.6,0.2,1,2,9,3,10,1,1,9,0,6,7,1,1,0,1,0,0
37,5,2,6,1,0,0,0,0,1,0,0,0,0,0,11,1,0,0,0.9,0.8,0.4,11,1,-1,0,-1,1,1,0,2,1,25,3,0.4,0.889679114,-1,3.741657387,0.4,0.3,0.2,4,1,8,3,7,1,4,9,2,4,5,0,1,0,1,0,0
38,1,2,0,1,0,0,1,0,0,0,0,0,0,0,8,1,0,0,0.4,0,0.543139025,7,1,-1,0,-1,0,1,1,0,1,87,3,0.316227766,0.732636471,0.36152455,3.464101615,0.4,0.2,0.4,2,3,7,1,8,3,8,7,3,2,6,0,1,1,1,0,0
39,5,2,2,1,0,0,0,1,0,0,0,0,0,0,10,0,1,0,0.9,1.3,1.382479656,9,1,1,0,1,1,0,1,3,1,74,3,0.374165739,0.675241004,0.330302891,2.828427125,0.9,0.3,0.6,2,2,9,3,10,3,6,3,0,7,8,0,1,0,1,0,1
40,1,1,3,0,0,1,0,0,0,0,0,0,0,0,6,1,0,0,0.7,0.4,0.755810823,9,1,-1,0,-1,14,0,1,2,1,42,2,0.4,0.708070361,0.393700394,3,0.1,0.9,0.8,3,2,6,3,9,1,7,6,3,2,8,0,0,1,1,0,0
41,0,1,1,1,0,0,1,0,0,0,0,0,0,0,8,1,0,0,0.5,0.2,0.621490145,6,1,-1,0,0,0,1,0,0,1,34,2,0.4,0.86233155,0.378021163,3.605551276,0.9,0.4,0.8,2,2,7,2,9,1,11,7,2,4,5,0,1,1,0,1,0
42,1,2,7,1,0,1,0,0,0,0,0,0,0,0,6,1,0,0,0.8,0.2,0.331662479,7,1,-1,0,-1,6,1,1,0,1,26,1,0.374165739,0.607256396,0.390768474,2.828427125,0.8,0.8,0.5,1,5,10,3,7,2,3,4,2,2,4,1,1,1,0,0,0
44,1,2,1,0,0,0,0,1,0,0,0,0,0,0,4,1,0,0,0.9,0.4,0.688294995,10,1,-1,0,-1,11,1,1,1,1,101,3,0.374165739,0.840067269,0.384967531,3.464101615,0.7,0.9,0.8,1,3,9,4,8,3,3,4,0,2,5,0,1,0,1,1,1
45,0,1,5,1,0,1,0,0,0,0,0,0,0,0,5,1,0,0,0.2,0.3,-1,5,1,0,0,0,0,1,1,2,1,87,3,0.316227766,0.674582822,0.294448637,3.16227766,0.3,0.4,0.8,1,2,9,4,11,3,12,3,0,0,8,0,0,0,1,0,0
47,0,1,1,0,0,0,1,0,0,0,0,0,0,0,4,0,0,1,0.4,0.2,0.801560977,7,1,-1,0,-1,9,1,0,2,1,104,2,0.316227766,0.922928773,-1,3.741657387,0.9,0.8,0.9,3,1,6,2,10,2,8,5,1,3,7,0,0,1,1,0,0
49,0,1,0,1,0,1,0,0,0,0,0,0,0,0,9,1,0,0,0.4,0,0.664266513,7,1,-1,0,-1,1,1,1,0,1,70,3,0.374165739,0.819582135,0.386005181,3.464101615,0,0.7,0.6,5,1,8,2,12,4,9,5,0,1,5,0,1,1,0,1,0
51,2,1,6,0,3,0,0,0,1,0,0,0,0,0,6,1,0,0,0.8,0,1.427410242,11,0,-1,0,-1,11,1,1,2,1,7,3,0.424264069,0.825097039,0.412916456,3.31662479,0.1,0.8,0,3,3,9,5,11,2,9,2,2,2,14,0,0,1,1,0,0
52,0,1,1,1,0,1,0,0,0,0,0,0,0,0,7,1,0,0,0.1,0.3,-1,7,1,-1,0,-1,11,1,1,2,1,103,1,0.316227766,0.531895876,0.330756708,2,0.8,0,0.7,2,1,9,2,8,4,14,5,0,1,10,0,0,1,1,0,0
53,0,1,1,0,3,1,0,0,0,0,0,0,0,0,3,0,0,1,0.9,0.3,0.598957428,11,1,-1,0,-1,10,1,1,2,1,83,2,0.424264069,0.940425875,0.418568991,3,0.1,0.9,0.4,4,1,8,2,6,2,8,7,2,4,7,0,1,0,1,1,0
54,2,1,5,1,3,0,1,0,0,0,0,0,0,0,5,1,0,0,0.1,0.3,-1,11,0,1,9,1,3,1,1,2,1,104,3,0.5,1.462873884,0.468508271,3,0.2,0.7,0.5,2,3,10,3,11,1,6,3,2,3,9,0,0,1,1,1,0
55,0,2,2,0,0,1,0,0,0,0,0,0,0,0,6,1,0,0,0.9,1.6,1.557642449,11,1,0,0,0,14,1,1,2,1,82,3,0.316227766,0.718598843,0.329241553,3.464101615,0.5,0.8,0.1,2,1,7,3,8,0,13,4,3,5,11,1,1,1,0,1,0
56,1,3,9,0,0,0,0,0,1,0,0,0,0,0,3,1,0,0,0.6,0.2,0.742882898,6,1,-1,0,1,0,1,1,0,1,32,1,0.316227766,0.585287949,0.36152455,2.449489743,0.5,0.4,0.2,0,2,7,3,10,4,8,2,0,4,9,0,0,0,0,0,1
57,3,1,5,0,0,0,1,0,0,0,0,0,0,0,4,0,0,1,0,0.4,0.708431366,4,1,-1,9,1,8,1,0,0,1,104,2,0.447213595,2.05678679,0.484767986,3.741657387,0.1,0.1,0.8,0,2,8,3,9,5,7,5,0,2,5,1,1,1,1,0,0
59,0,1,3,0,0,0,0,0,1,0,0,0,0,0,7,1,0,0,0.7,0.7,1.38451255,11,0,0,1,0,11,0,1,2,1,104,2,0.6,1.081235519,0.404598567,2.828427125,0.1,0,0.4,1,2,6,4,10,4,7,3,2,5,4,1,1,1,0,0,0
60,2,2,1,1,0,0,1,0,0,0,0,0,0,0,5,1,0,0,0.4,0,0.554526825,7,1,-1,0,-1,1,1,1,2,1,65,3,0.316227766,0.553911709,0.350713558,2.449489743,0.1,0.8,0.9,1,2,7,3,10,0,8,4,1,3,11,0,1,1,1,1,1
62,1,3,8,0,0,0,0,0,1,0,0,0,0,0,10,0,0,0,0.9,0.3,0.707990113,9,1,-1,0,-1,1,0,1,2,1,64,3,0.316227766,0.702724921,0.361939221,3.605551276,0.7,0.1,0.7,2,1,6,4,9,1,8,5,4,3,10,0,0,0,1,1,0
63,2,1,6,0,0,0,0,1,0,0,0,0,0,0,1,0,1,0,0.3,0,1.165386202,11,0,0,0,1,15,1,1,2,1,5,2,0.424264069,1.001373024,0.325576412,3,0.7,0.3,0.4,2,0,9,2,8,3,7,4,1,1,5,0,1,0,0,0,0
67,4,1,6,1,4,0,0,0,1,0,0,0,0,0,9,1,0,0,0.7,0.7,1.043731287,0,1,-1,0,1,14,1,1,0,1,82,3,0.316227766,0.61991735,0.368510515,2.828427125,0,0,0.8,2,3,6,3,11,3,8,9,3,4,8,0,1,0,0,0,0
68,2,2,3,0,0,1,0,0,0,0,0,0,0,0,9,1,0,0,0.9,0.2,0.720676765,7,1,-1,0,-1,0,1,1,2,1,22,3,0.316227766,0.729329478,0.374566416,3.16227766,0,0.6,0.4,4,3,10,2,9,2,8,7,1,2,6,0,1,1,0,0,0
69,1,2,1,1,0,0,0,0,1,0,0,0,0,0,5,1,0,0,0.9,0.3,0.587367006,0,1,-1,0,1,7,1,1,0,1,92,3,0.398371686,0.615971986,0.392683078,2,0.5,0.6,0,5,2,10,2,9,5,4,7,3,5,7,0,1,0,0,0,1
70,1,1,4,0,0,1,0,0,0,0,0,0,0,0,10,1,0,0,0.7,0.3,0.695970545,11,0,-1,0,-1,10,1,1,2,1,28,3,0.374165739,0.88821485,0.382099464,3,0.4,0.4,0.1,2,3,6,6,9,1,5,6,2,2,6,0,0,1,1,1,0
71,5,1,3,1,0,0,0,1,0,0,0,0,0,0,12,1,0,0,0.4,0,0.579331511,6,1,-1,2,0,11,1,0,0,1,94,0,0.374165739,0.832773917,0.430116263,3.605551276,0.1,0,0,1,2,9,5,7,5,10,5,3,2,9,0,0,0,1,0,0
73,3,1,3,1,0,0,1,0,0,0,0,0,0,0,2,1,0,0,0.3,0.3,-1,6,1,-1,8,1,13,1,1,0,1,104,2,0.447213595,1.354156442,0.444409721,3.464101615,0.1,0.7,0.3,2,2,5,2,8,1,8,2,1,1,7,1,0,0,0,1,0
75,0,1,7,1,0,1,0,0,0,0,0,0,0,0,13,1,0,0,0.3,0,0.578791845,7,1,0,0,0,1,1,1,2,1,74,3,0.374165739,0.735521404,0.330302891,3.16227766,0.1,0.5,0.9,3,1,8,2,11,4,6,3,2,2,7,0,1,0,0,0,0
76,1,1,2,1,0,0,1,0,0,0,0,0,0,0,12,1,0,0,0.4,0,0.682367203,7,1,-1,0,-1,1,1,1,2,1,52,3,0.374165739,0.798306576,0.368103246,3.605551276,0.3,0.5,0.8,3,4,8,3,10,3,8,4,2,6,5,0,1,0,0,0,0
81,3,1,7,0,0,1,0,0,0,0,0,0,0,0,4,1,0,0,0.8,0.2,0.585768726,7,1,-1,0,-1,0,1,1,2,1,34,2,0.4,0.72941446,-1,3,0.1,0.8,0.3,1,0,9,0,11,3,8,5,1,5,8,0,0,1,0,0,0
82,6,1,5,1,0,0,0,0,1,0,0,0,0,0,9,1,0,0,0.9,1.3,1.413108276,4,0,-1,0,0,11,1,1,0,1,30,3,0.447213595,0.939491686,0.447772264,3.31662479,0.3,0.2,0.6,3,2,10,3,10,3,8,3,3,3,6,0,0,0,1,1,1
83,1,1,6,1,0,0,1,0,0,0,0,0,0,0,4,1,0,0,0.9,0.3,0.825,11,1,-1,0,-1,1,1,1,2,1,91,3,0.424264069,1.03252879,0.434741302,3.464101615,0.6,0.1,0.1,3,1,7,3,9,2,8,4,0,4,11,0,1,1,0,1,0
86,2,1,3,1,0,0,1,0,0,0,0,0,0,0,12,1,0,0,0.8,0.8,1.171270678,11,1,-1,1,-1,3,1,0,2,1,102,2,0.4,0.973798157,-1,3.605551276,0.1,0,0.1,2,2,7,4,7,0,13,4,1,3,7,0,0,1,0,0,0
87,0,1,5,1,0,0,1,0,0,0,0,0,0,0,6,1,0,0,0.9,1,1.158932699,11,1,1,0,0,1,1,0,2,1,80,3,0.316227766,0.804113392,-1,3.605551276,0.3,0,0.4,4,3,7,4,9,4,9,7,4,2,6,0,0,1,0,1,1
88,0,2,0,0,-1,0,0,0,1,0,0,0,0,0,7,1,0,0,0.8,1.3,-1,2,1,1,0,0,4,-1,0,2,1,48,1,0.316227766,0.735071819,0.301993377,3.741657387,0.2,0.1,0.2,3,2,6,6,9,4,9,5,0,1,5,1,0,1,0,0,1
91,2,2,2,1,0,0,0,0,1,0,0,0,0,0,6,1,0,0,0.6,0.3,1.206233808,10,1,-1,0,0,4,1,0,0,1,50,2,0.4,0.923107848,0.388587185,3.605551276,0.2,0.8,0,1,1,9,1,10,2,9,7,0,3,6,0,1,1,0,0,1
92,2,2,4,0,0,0,0,0,1,0,0,0,0,0,10,1,0,0,0.9,0.3,0.850734976,11,1,1,0,0,1,1,1,2,1,25,3,0.374165739,0.793243681,-1,3.605551276,0.7,0.2,0,4,3,7,4,10,3,11,8,2,4,6,0,0,1,1,0,0
94,0,1,5,1,1,0,0,0,1,0,0,0,0,0,12,1,0,0,0.7,0.6,0.889873587,11,1,-1,0,-1,0,1,1,2,1,34,2,0.4,0.756008986,0.378021163,3.16227766,0.1,0.3,0.8,3,3,6,2,10,1,13,6,3,1,3,0,1,0,0,0,0
97,1,1,5,0,0,1,0,0,0,0,0,0,0,0,8,0,1,0,0.8,0.9,0.943729304,7,1,-1,0,-1,10,1,1,2,1,28,3,0.374165739,0.733848116,0.378813939,2.828427125,0.7,0.7,0.3,2,3,10,2,9,3,9,6,0,3,1,0,1,1,0,0,1
100,3,1,4,1,0,0,1,0,0,0,0,0,0,0,9,1,0,0,0.9,1,0.955902715,10,1,-1,0,1,1,1,1,0,1,65,1,0.316227766,0.600499104,0.352136337,3,0.6,0,0.6,3,1,8,4,9,1,7,3,1,1,14,0,1,0,0,1,0
102,2,1,1,1,0,1,0,0,0,0,0,0,0,0,9,0,0,0,0.6,0.4,0.588430115,6,1,-1,0,0,9,1,0,0,1,104,2,0.4,1.053053412,0.384707681,3.741657387,0.4,0.1,0.5,3,0,7,3,10,4,12,3,0,2,1,0,1,1,0,0,0
103,2,2,2,0,0,0,0,1,0,0,0,0,0,0,0,0,0,1,0.4,0,0.693271231,7,1,-1,0,-1,14,1,1,2,1,82,3,0.316227766,0.65549174,0.368510515,3,0.3,0.2,0.3,3,3,8,2,6,4,8,7,2,2,4,0,0,0,0,0,0
105,0,2,1,0,0,1,0,0,0,0,0,0,0,0,7,1,0,0,0.9,0.5,1.03350133,11,1,1,0,0,1,1,0,2,1,25,3,0.4,0.960350315,-1,3.741657387,0.4,0.2,0.1,2,4,8,4,10,5,7,2,1,4,6,0,0,0,0,0,0
106,1,1,3,0,0,0,1,0,0,0,0,0,0,0,8,1,0,0,0.9,1.6,2.643624406,11,0,1,9,1,0,1,1,2,1,104,3,0.447213595,1.361559024,0.402740611,3.31662479,0.6,0.5,0.3,3,2,9,2,10,1,9,6,3,1,8,0,1,1,1,0,0
108,5,3,7,0,0,1,0,0,0,0,0,0,0,0,7,1,0,0,0.9,1.1,1.335102992,11,1,-1,0,-1,10,0,1,2,1,83,2,0.424264069,0.85669459,0.396484552,2.645751311,0.4,0.1,0.8,3,3,8,6,9,3,8,8,1,3,11,0,0,0,1,1,0
113,0,1,6,0,5,0,1,0,0,0,0,0,0,0,11,1,0,0,0.4,0.5,0.754155156,7,0,0,1,0,9,1,1,2,1,104,2,0.424264069,1.223571861,0.35,3.464101615,0.8,0.9,0.8,3,2,6,5,10,2,11,9,1,2,13,0,0,0,0,0,0
114,7,2,1,1,0,0,0,0,1,0,0,0,0,0,3,0,0,1,0.6,0.2,0.506828373,4,1,-1,0,1,1,1,1,4,1,64,1,0.316227766,0.633190139,0.361939221,3.16227766,0.7,0.2,0,4,3,9,4,9,1,8,3,2,6,9,0,1,1,1,0,1
115,4,1,5,1,0,1,0,0,0,0,0,0,0,0,6,1,0,0,0.4,0,-1,7,1,-1,0,-1,11,1,1,2,1,99,2,0.315594677,0.534221454,0.368781778,1.414213562,0.1,0.2,0.7,3,0,7,0,11,2,6,2,1,1,2,0,1,0,1,0,0
118,4,1,6,0,0,0,0,1,0,0,0,0,0,0,10,0,0,0,0.4,0,0.966307405,4,1,-1,2,1,1,0,0,0,1,90,0,0.424264069,1.016191236,0.418927201,3.741657387,0.8,0.4,0.7,3,3,9,3,6,1,8,7,3,8,6,0,1,0,0,1,0
122,2,1,2,0,0,1,0,0,0,0,0,0,0,0,6,1,0,0,0.7,0.3,0.71063352,11,1,-1,0,-1,11,1,0,2,1,11,2,0.316227766,0.766552872,0.368781778,3.741657387,0.8,0.9,0,1,2,9,2,7,2,8,4,2,6,9,0,1,1,0,0,1
124,5,2,6,1,0,0,1,0,0,0,0,0,0,0,2,0,1,0,0.4,0.3,0.761166867,11,1,-1,0,-1,14,1,0,2,1,82,3,0.316227766,0.793920599,-1,3.741657387,0.2,0.2,0.2,2,2,7,3,9,4,8,5,0,3,8,0,1,1,1,1,0
126,0,1,3,1,0,0,1,0,0,0,0,0,0,0,10,0,0,0,0.9,0.3,1.377724573,11,1,-1,0,-1,1,1,0,2,1,51,2,0.374165739,0.889493309,0.401746189,3.741657387,0.1,0.3,0.4,4,2,8,4,8,1,5,11,1,2,7,0,1,1,1,1,0
128,0,-1,8,0,0,0,1,0,0,0,0,0,0,0,8,0,0,0,0.9,0.2,0.649037749,10,1,-1,0,1,14,1,1,0,1,72,2,0.4,1.087884064,0.40938979,3.605551276,0.4,0.6,0.6,3,4,7,2,9,3,12,3,0,3,6,0,1,0,0,0,0
129,0,2,1,1,4,0,1,0,0,0,0,0,0,0,8,1,0,0,0.1,0.1,-1,4,1,-1,0,1,1,1,0,0,1,51,2,0.374165739,0.914703131,0.401746189,3.605551276,0.5,0.2,0.2,2,1,8,3,7,2,10,6,1,4,12,1,1,1,1,1,1
130,1,1,4,1,0,0,0,1,0,0,0,0,0,0,12,0,0,0,0.2,0.3,-1,10,0,-1,0,1,15,1,1,0,1,5,2,0.424264069,0.867396122,0.4,2.828427125,0.4,0,0.4,2,2,4,2,10,4,10,4,1,3,3,0,1,1,1,1,0
131,5,1,11,0,0,1,0,0,0,0,0,0,0,0,13,0,0,0,0.7,0.4,0.748331477,7,1,1,0,1,11,1,1,0,1,99,2,0.315594677,0.529969592,0.305777697,1.414213562,0.6,0.2,0.5,2,3,6,1,8,2,12,3,3,0,10,0,1,0,1,1,0
132,1,3,6,1,0,0,0,0,1,0,0,0,0,0,4,0,0,1,0.9,0.3,0.63688696,6,1,-1,0,1,11,1,1,0,1,99,2,0.315594677,0.529969592,0.368781778,1.414213562,0.2,0.9,0.2,3,1,7,5,9,3,4,5,1,5,10,0,0,1,1,1,0
133,1,2,2,0,0,1,0,0,0,0,0,0,0,0,10,0,0,0,0.9,0.2,0.732290926,7,1,-1,0,-1,1,1,1,2,1,38,3,0.316227766,0.720192812,0.359861084,3.464101615,0,0.1,0.3,3,1,5,1,9,5,11,4,1,1,5,0,0,1,0,1,1
134,5,1,5,1,4,0,0,0,1,0,0,0,0,0,12,1,0,0,0.9,0.6,1.045227248,11,1,1,0,1,11,1,1,3,1,57,2,0.4,0.603929967,0.313528308,2.236067978,0.9,0.1,0.8,1,2,7,3,9,4,5,8,1,5,9,0,1,1,0,0,0
135,0,1,5,0,0,1,0,0,0,0,0,0,0,0,2,0,0,1,0.9,0.5,0.963716763,11,1,1,0,0,1,1,0,1,1,51,2,0.374165739,0.880305638,0.330756708,3.605551276,0.5,0.1,0.7,4,2,7,5,8,1,7,4,2,1,10,0,0,0,0,1,0
136,2,1,2,0,0,1,0,0,0,0,0,0,0,0,8,1,0,0,0.9,0.2,0.545435606,10,1,-1,0,-1,11,1,1,2,1,103,3,0.316227766,0.575964875,0.358329457,2.645751311,0.3,0.9,0.3,2,3,9,0,7,2,15,6,1,4,3,0,1,1,0,0,0
139,2,1,3,0,0,1,0,0,0,0,0,0,0,0,6,1,0,0,0.9,0.3,0.595818764,5,1,-1,0,-1,14,0,1,2,0,68,3,0.447101778,0.767643706,0.408656335,2.645751311,0.5,0.9,0.4,2,0,7,3,11,4,7,5,2,3,9,0,1,1,0,1,1
140,0,1,2,0,0,0,0,1,0,0,0,0,0,0,9,1,0,0,0.6,0.6,1.362901317,10,1,-1,1,1,16,1,1,0,1,104,2,0.4,1.007974403,0.373095162,3.464101615,0.7,0.6,0.2,1,1,9,3,9,3,8,3,1,1,10,0,1,1,0,0,0
141,2,1,2,0,0,0,1,0,0,0,0,0,0,0,5,1,0,0,0.8,0.5,0.91070028,7,0,-1,0,-1,15,0,1,2,1,5,2,0.447213595,1.159135472,0.4,3.605551276,0.2,0.5,0.5,2,2,9,5,7,4,11,8,2,4,7,0,1,1,1,1,0
146,0,1,6,1,0,0,0,1,0,0,0,0,0,0,13,1,0,0,0.7,1,1.069170239,11,1,-1,0,-1,11,1,0,2,1,76,3,0.316227766,0.840786232,0.379473319,3.605551276,0.3,0.9,0.3,1,1,8,4,11,2,10,4,1,3,8,0,0,1,1,1,0
148,0,2,1,1,-1,0,0,0,1,0,0,0,0,0,9,1,0,0,0.9,0.7,1.023474475,11,1,1,1,0,3,-1,0,2,1,45,3,0.4,0.849367777,0.309677251,3.741657387,0,0.6,0.7,3,2,6,2,10,2,4,4,2,4,7,0,0,1,0,0,0
151,1,2,2,1,0,1,0,0,0,0,0,0,0,0,3,0,0,1,0.9,0.6,0.697316284,7,1,-1,0,-1,1,1,1,2,1,85,3,0.374165739,0.844977872,0.399624824,3.31662479,0.1,0.5,0.5,3,1,7,2,9,2,11,7,2,3,8,0,1,0,1,0,0
152,4,3,7,1,0,0,1,0,0,0,0,0,0,0,8,1,0,0,0.9,1.3,1.587057025,11,0,0,1,1,17,1,1,2,1,104,3,0.446654229,1.010247085,-1,3.31662479,0.4,0.1,0.6,2,0,7,3,8,5,8,6,2,3,7,0,1,0,0,1,1
154,1,1,6,0,0,1,0,0,0,0,0,0,0,0,1,0,0,1,0.9,0.4,0.647108955,11,1,-1,0,-1,11,1,1,2,1,16,3,0.374165739,0.78934668,0.388715835,3.464101615,0.6,0.9,0.7,5,1,7,3,10,2,4,5,1,3,9,0,1,0,0,1,0
157,1,2,1,0,0,1,0,0,0,0,0,0,0,0,1,0,0,1,0.3,0,0.520216301,6,1,-1,0,-1,11,1,1,2,1,103,3,0.316227766,0.591468267,0.358329457,2.645751311,0.3,0.1,0.3,2,3,7,2,8,1,9,1,1,5,8,0,1,1,1,0,0
158,0,2,2,0,0,1,0,0,0,0,0,0,0,0,11,1,0,0,0.5,0.2,0.560691537,7,1,-1,0,-1,11,1,1,3,1,101,3,0.374165739,0.775476393,0.384967531,3.16227766,0.9,0.8,0.5,3,1,7,3,9,3,7,4,0,4,4,0,0,1,0,0,0
159,1,1,6,1,0,0,1,0,0,0,0,0,0,0,9,1,0,0,0.6,0.9,1.288894876,8,0,-1,0,1,10,1,1,0,1,83,2,0.424264069,0.961715496,0.400998753,3.16227766,0.5,0.6,0.9,4,1,7,3,9,2,10,6,1,0,8,0,1,1,0,1,0
161,0,1,5,0,0,1,0,0,0,0,0,0,0,0,10,1,0,0,0.9,0.2,0.49560569,7,1,1,0,1,1,1,0,0,1,65,1,0.316227766,0.68499261,0.288097206,3.605551276,0.9,0.3,0.6,2,1,9,5,10,3,10,2,2,2,6,0,0,1,1,1,0
164,1,1,3,0,0,1,0,0,0,0,1,0,0,1,5,1,0,0,0.3,0.1,-1,7,1,0,0,1,11,1,1,2,1,99,2,0.316227766,0.61911694,0.303315018,2.828427125,0.8,0.7,0,2,1,4,4,9,2,10,7,0,5,8,0,0,1,0,1,0
165,0,1,5,1,0,0,1,0,0,0,0,0,0,0,13,1,0,0,0.9,1.2,0.864219301,11,0,1,9,0,17,-1,0,2,1,104,3,0.608276253,1.533934335,0.432087954,3.464101615,0.2,0.7,0.1,4,3,8,0,10,1,4,7,2,1,5,0,1,1,0,0,0
167,5,1,6,1,6,0,0,0,1,0,0,0,0,0,12,1,0,0,0.9,0.7,1.203120942,11,1,-1,0,-1,11,1,1,2,1,7,3,0.424264069,0.729711819,0.412916456,2.828427125,0.5,0,0.9,1,4,9,3,7,0,10,8,1,3,13,0,0,0,0,1,0
168,5,2,1,0,0,0,0,0,1,0,0,0,0,0,6,1,0,0,0.4,0,1.204159458,11,0,-1,0,-1,15,1,1,2,1,5,2,0.447213595,1.074141979,0.4,3.31662479,0.1,0.7,0.4,2,2,6,2,9,3,9,6,0,2,5,0,1,0,0,0,0
169,1,2,1,1,0,1,0,0,0,0,0,0,0,0,3,1,0,0,0.6,0.7,0.917877988,11,1,-1,0,-1,11,1,1,2,1,103,1,0.316227766,0.519853762,0.330756708,1.732050808,0.6,0.8,0.1,3,4,7,1,11,3,8,6,3,2,6,1,0,0,0,1,0
171,0,2,2,0,0,1,0,0,0,0,0,0,0,0,3,1,0,0,0.6,1.1,1.517399091,11,1,-1,0,-1,9,1,0,2,1,21,3,0.316227766,0.845698889,0.376828874,3.605551276,0,0.7,0.8,1,5,8,4,11,1,13,0,2,1,9,0,0,0,0,1,0
172,2,3,7,0,0,0,1,0,0,0,0,0,0,0,12,0,1,0,0.9,0.7,0.952955928,11,0,1,1,0,2,-1,1,2,1,104,2,0.49939964,1.579144815,-1,3.464101615,0,0.5,0.2,2,2,8,6,12,1,9,7,0,3,11,1,1,0,0,1,1
173,0,1,10,0,0,1,0,0,0,0,0,0,0,0,6,1,0,0,0.2,0.2,-1,6,1,-1,0,0,0,1,1,0,1,34,2,0.4,0.812670834,0.378021163,3.605551276,0.3,0.3,0.5,2,0,9,2,10,2,8,6,0,5,6,0,0,1,0,0,1
174,1,1,5,0,1,1,0,0,0,0,0,0,0,0,10,1,0,0,0.9,0.2,1.010878331,11,1,-1,0,-1,10,1,1,2,1,83,2,0.408411557,0.690624942,0.397492138,2.236067978,0.9,0.6,0.1,2,0,6,2,7,4,6,3,2,4,10,0,1,0,0,1,0
175,2,1,5,1,0,0,1,0,0,0,0,0,0,0,13,1,0,0,0.5,0.2,0.517807879,8,1,-1,0,1,1,1,0,0,1,40,2,0.374165739,0.852693835,0.381444623,3.605551276,0.7,0.9,0.7,2,1,7,3,8,4,5,3,2,3,10,0,1,1,0,0,0
176,0,1,5,1,4,1,0,0,0,0,0,0,0,0,12,1,0,0,0.2,0.3,-1,7,1,0,0,0,11,1,1,2,1,103,3,0.316227766,0.483444938,0.288790582,2,0.5,0,0,3,2,8,4,10,5,11,6,1,5,2,0,1,0,0,0,0
178,3,1,6,0,0,0,1,0,0,0,0,0,0,0,8,1,0,0,0.8,0.1,0.522613624,11,1,-1,8,-1,11,1,1,2,1,24,2,0.489897949,1.046698864,0.494974747,3.31662479,0.4,0.5,0.6,2,3,7,6,8,1,8,6,1,2,11,0,0,1,0,0,1
179,1,1,5,0,0,1,0,0,0,0,0,0,0,0,10,1,0,0,0.7,0.4,0.779021823,11,1,-1,1,-1,16,1,1,2,1,104,3,0.316227766,0.730447615,0.367423461,3.31662479,0.4,0.2,0.8,2,1,7,6,8,2,6,5,3,3,4,0,0,0,0,1,0
180,0,1,7,1,0,1,0,0,0,0,0,0,0,0,12,1,0,0,0.7,0.4,0.740354645,11,1,-1,0,-1,11,1,1,0,1,11,2,0.316227766,0.667857064,0.368781778,3.31662479,0.8,0.8,0.7,2,3,9,4,9,3,10,3,2,2,3,0,1,0,0,1,0
181,1,1,3,1,0,0,0,0,1,0,0,0,0,0,10,1,0,0,0.3,0.2,-1,11,1,-1,0,-1,1,1,1,2,1,64,3,0.316227766,0.67131301,0.361939221,3.31662479,0.6,0.1,0.7,2,3,7,2,7,2,3,11,4,2,6,1,0,0,1,0,0
182,5,1,5,1,6,0,1,0,0,0,0,0,0,0,5,1,0,0,0.9,1.2,1.431782106,7,0,-1,0,-1,10,1,1,2,1,28,3,0.387298335,1.08072806,0.382099464,3.605551276,0.2,0.7,0.5,1,2,8,2,11,1,12,5,1,1,9,0,1,1,0,0,0
183,7,1,5,1,0,0,1,0,0,0,0,0,0,0,11,1,0,0,0.7,0.4,0.798827265,10,1,-1,0,1,15,1,0,0,1,97,2,0.387298335,0.967764528,-1,3.741657387,0.4,0.2,0.5,1,1,6,4,8,2,7,7,0,3,13,0,1,1,0,0,0
184,0,3,3,1,3,0,1,0,0,0,0,0,0,0,1,0,0,1,0.9,1.4,1.584100691,11,1,0,0,1,14,1,0,2,1,72,3,0.4,1.128683135,0.350428309,3.741657387,0.6,0.8,0.3,5,0,3,4,10,5,16,6,3,3,5,0,1,0,0,1,0
185,2,1,8,1,0,0,1,0,0,0,0,0,0,0,8,1,0,0,0.1,0.1,-1,7,0,-1,0,-1,15,1,1,2,1,5,2,0.447213595,1.177439441,0.4,3.741657387,0.7,0.8,0.8,4,2,9,3,11,4,3,5,1,1,8,0,0,0,0,1,1
187,0,1,6,1,0,1,0,0,0,0,0,0,0,0,11,0,0,0,0.6,0.4,1.216552506,7,1,-1,0,-1,11,1,0,2,1,17,2,0.424264069,0.98352125,-1,3.741657387,0.6,0.3,0.6,4,1,6,1,12,1,16,5,2,2,4,0,1,0,0,0,0
188,0,1,2,0,0,1,0,0,0,0,0,0,0,0,11,1,0,0,0.1,0.3,-1,6,1,-1,0,0,11,1,1,0,1,103,1,0.316227766,0.572041436,0.358329457,2.449489743,0.8,0.3,0.2,1,4,7,4,9,1,5,6,3,2,9,0,1,1,1,0,0
190,2,1,1,0,0,0,0,0,1,0,0,0,0,0,7,1,0,0,0.9,0.8,1.328533026,10,1,-1,0,1,1,1,1,0,1,64,1,0.316227766,0.622179587,0.361939221,3.16227766,0.4,0.8,0.3,1,2,8,0,10,5,11,2,1,2,4,0,0,0,0,0,0
191,1,1,8,0,0,0,0,0,1,0,0,0,0,0,6,0,1,0,0.8,0.3,0.695071939,11,1,-1,0,-1,0,1,1,2,1,39,3,0.316069613,0.639020428,0.374432905,2.645751311,0.9,0.4,0.6,2,2,7,3,8,3,13,4,1,3,4,0,1,0,0,1,0
192,4,1,2,0,0,0,0,0,1,0,0,0,0,0,11,1,0,0,0.9,1.6,1.560248378,11,0,0,0,1,15,1,1,3,1,5,2,0.424264069,0.720522652,0.325576412,2,0,0.3,0.5,1,1,8,4,5,2,5,7,2,2,2,0,1,0,0,1,0
195,0,1,7,0,0,1,0,0,0,0,0,0,0,0,3,0,0,1,0.9,0.3,0.855131569,11,1,-1,2,-1,14,0,1,2,1,104,0,0.4,0.626036331,0.404969135,3,0.6,0.2,0,2,4,7,2,10,3,5,6,1,3,4,1,0,1,0,1,0
196,0,1,5,0,0,0,1,0,0,0,0,0,0,0,8,1,0,0,0.7,0.6,0.410030487,11,1,0,0,0,0,1,1,2,1,104,3,0.4,0.82981627,0.326955654,3.31662479,0.2,0,0.1,5,1,6,2,10,4,7,5,2,2,7,0,1,0,0,1,0
198,5,1,2,0,0,0,0,1,0,0,0,0,0,0,7,1,0,0,0.9,0.8,1.22448969,11,0,-1,8,-1,13,0,1,1,1,20,3,0.447213595,1.144841106,0.429534632,3.464101615,0.7,0,0.2,2,4,9,2,10,5,16,7,1,6,13,0,0,1,0,0,1
201,0,2,1,0,0,0,1,0,0,0,0,0,0,0,6,0,0,1,0.8,0.3,0.725,7,1,-1,0,-1,0,1,0,0,1,87,3,0.316227766,0.806251401,0.36152455,3.741657387,0.5,0.4,0.7,1,3,9,1,8,3,8,4,3,3,3,1,1,0,0,1,1
202,0,1,2,1,0,0,1,0,0,0,0,0,0,0,3,0,0,1,0.9,1.3,1.675,11,1,-1,0,-1,1,1,1,0,1,104,2,0.424264069,0.902086654,0.414125585,3.464101615,0.4,0.4,0.5,2,1,7,5,9,2,8,7,0,2,5,0,0,0,1,1,0
203,0,1,2,1,0,1,0,0,0,0,0,0,0,0,11,1,0,0,0.4,0,1.078192933,7,1,-1,0,-1,14,1,1,2,1,104,1,0.316069613,0.549981217,0.355668385,2.645751311,0.1,0,0.4,2,0,6,2,10,3,7,2,1,1,9,0,1,1,0,0,0
204,2,1,7,0,0,0,0,0,1,0,0,0,0,0,0,1,0,0,0.4,0,0.715891053,11,1,-1,0,-1,11,1,1,2,1,44,3,0.447213595,0.827896868,0.40620192,3.31662479,0.9,0.5,0.8,2,0,4,2,9,4,10,2,3,1,5,0,1,0,0,0,0
207,0,1,1,1,0,0,0,1,0,0,0,0,0,0,2,1,0,0,0.5,0.2,0.634428877,7,1,-1,0,-1,14,1,1,2,1,68,3,0.4,0.749931126,0.407430976,2.645751311,0.1,0.7,0.9,2,2,6,4,10,1,17,3,2,3,6,0,1,0,0,0,0
213,0,1,2,1,0,0,0,1,0,0,0,0,0,0,11,1,0,0,0.3,0,0.732290926,9,1,0,0,0,11,1,1,2,1,7,3,0.424264069,0.682045417,0.354259792,2.236067978,0.7,0.3,0.2,3,2,8,6,8,4,5,3,2,1,9,0,0,1,1,1,0
219,1,1,6,0,0,1,0,0,0,0,0,0,0,0,13,1,0,0,0.5,0.2,0.527967802,7,1,-1,0,-1,1,1,1,2,1,10,2,0.316227766,0.706946057,0.381444623,3.16227766,0.8,0.9,0.3,2,2,8,1,10,1,7,5,1,3,7,1,1,1,1,0,0
220,1,1,3,1,6,1,0,0,0,0,0,0,0,0,7,1,0,0,0.1,0.2,-1,7,1,-1,0,-1,0,1,1,2,1,86,3,0.445421149,0.63681802,0.411703777,1.414213562,0.4,0.9,0.7,1,0,9,7,11,3,10,4,2,7,6,0,1,1,0,0,1
222,1,1,6,0,0,0,1,0,0,0,0,0,0,0,5,0,0,1,0.4,0,1.089151046,10,1,-1,8,0,11,1,0,0,1,71,2,0.529150262,1.448503075,0.494974747,3.605551276,0.7,0.9,0.8,3,2,7,2,9,2,14,4,1,2,7,0,0,0,0,1,1
226,0,1,2,0,0,1,0,0,0,0,0,0,0,0,8,1,0,0,0.2,0.2,-1,7,1,0,0,0,14,1,1,2,1,68,3,0.4,0.817765045,0.344383507,2.828427125,0.9,0.1,0.4,4,1,8,6,9,3,7,3,1,2,8,0,1,1,0,0,1
228,5,1,6,1,0,0,0,1,0,0,0,0,0,0,0,0,0,1,0.9,0.4,0.829533001,6,0,-1,0,0,15,1,1,0,1,5,2,0.424264069,1.018405008,0.4,3,0.4,0.9,0.4,2,2,7,1,12,1,11,6,1,2,8,0,0,1,0,1,1
230,0,1,0,1,0,0,0,1,0,0,0,0,0,0,8,1,0,0,0.5,0.2,0.642748007,11,1,-1,0,-1,14,1,1,2,1,82,3,0.316069613,0.5568692,0.370270172,1.732050808,0.7,0.7,0.5,2,2,10,3,9,2,8,6,3,3,9,0,1,1,0,0,0
231,1,2,1,0,0,1,0,0,0,0,0,0,0,0,8,1,0,0,0.9,0,1.281844374,11,1,-1,0,-1,1,1,1,2,1,64,3,0.316069613,0.551013342,0.364005495,2.236067978,0.9,0.3,0.4,4,3,6,2,8,1,7,4,3,4,2,1,1,1,0,1,0
232,0,1,3,0,0,1,0,0,0,0,0,0,0,0,3,0,0,1,0.8,0.9,1.124444307,7,0,1,0,1,1,1,0,0,1,51,2,0.4,0.960404099,0.338821487,3.605551276,0.7,0.4,0.3,3,2,8,4,8,1,9,8,2,0,10,0,0,0,0,1,0
233,5,1,7,0,0,0,0,0,1,0,0,0,0,0,12,1,0,0,0.7,0.2,0.583630877,7,1,1,2,1,0,0,1,2,1,100,0,0.399749922,0.751486131,0.319374389,3.31662479,0.8,0.5,0.4,3,1,4,2,10,3,16,8,0,3,8,0,1,0,0,0,0
234,0,1,7,0,0,1,0,0,0,0,0,0,0,0,10,1,0,0,0.2,0.2,-1,11,1,-1,0,-1,11,1,1,2,1,44,3,0.447213595,0.736630143,0.40620192,2.828427125,0.4,0.4,0.4,3,3,5,3,8,2,11,5,2,1,8,0,0,0,0,1,0
236,0,1,1,0,0,1,0,0,0,0,0,0,0,0,8,1,0,0,0.3,0,1.050297577,4,1,-1,0,0,1,0,1,0,1,65,1,0.316227766,0.545795348,0.350713558,2.449489743,0,0.4,0.3,4,0,7,5,9,2,12,6,1,1,5,0,0,1,0,1,0
237,1,1,2,0,4,1,0,0,0,0,0,0,0,0,9,1,0,0,0.1,0.3,-1,11,1,-1,0,-1,1,1,1,2,1,74,3,0.360555128,0.5899993,0.366742416,2,0.1,0.4,0.4,1,2,7,0,10,2,9,7,2,3,5,0,1,0,1,0,0
238,0,1,6,0,0,0,1,0,0,0,0,0,0,0,6,1,0,0,0.9,1.6,1.554630181,11,0,1,1,0,2,-1,0,2,1,104,2,0.447213595,1.650100172,0.367423461,3.741657387,0.5,0.1,0.3,3,2,7,5,8,2,8,7,0,2,12,0,0,1,0,1,0
240,2,1,2,1,0,0,1,0,0,0,0,0,0,0,7,1,0,0,0.8,0.6,1.224234455,11,1,-1,0,-1,7,1,1,2,1,92,3,0.374165739,0.756472075,0.392683078,3.31662479,0.5,0.5,0.8,3,2,10,2,9,3,10,5,4,4,11,0,0,1,1,0,1
241,5,1,5,0,0,1,0,0,0,0,0,0,0,0,6,1,0,0,0.9,0.4,0.939081999,7,1,-1,0,-1,4,1,1,2,1,84,3,0.316227766,0.774772694,0.366742416,3.605551276,0.1,0.7,0.6,2,1,8,2,8,3,10,5,0,3,6,0,1,1,0,0,0
242,0,1,1,1,0,0,1,0,0,0,0,0,0,0,4,1,0,0,0.7,0,0.531507291,7,1,-1,0,-1,9,1,0,2,1,21,3,0.316227766,0.845698889,0.376828874,3.605551276,0.4,0.8,0.2,1,2,8,2,10,2,9,6,0,2,10,0,0,1,1,1,1
243,0,1,5,1,0,0,1,0,0,0,0,0,0,0,1,0,0,1,0.1,0.4,-1,10,1,-1,8,1,14,1,0,0,1,18,2,0.565685425,1.655512954,0.565685425,3.605551276,0.6,0.4,0.3,1,3,10,1,11,1,8,3,0,5,7,1,1,0,0,0,0
245,0,1,5,0,0,1,0,0,0,0,0,0,0,0,8,1,0,0,0.9,0.4,0.671751442,7,1,0,0,0,1,1,1,2,1,91,2,0.360555128,0.709848081,-1,2.236067978,0.5,0.1,0.7,3,2,8,3,8,1,12,1,1,7,7,0,1,1,0,1,0
246,1,1,4,0,0,1,0,0,0,0,0,0,0,0,9,1,0,0,0.5,0.2,0.414578099,7,0,0,0,0,15,0,1,2,1,5,2,0.424264069,0.755434854,0.325576412,2.236067978,0.2,0.5,0.8,4,3,5,4,10,2,6,7,1,7,9,0,0,0,0,0,0
247,1,1,7,0,3,1,0,0,0,0,0,0,0,0,9,1,0,0,0.9,0.2,0.566237583,7,1,-1,0,-1,4,1,1,2,1,9,2,0.316227766,0.675546917,0.394334883,3.16227766,0.6,0.1,0.9,2,0,8,0,9,4,6,6,3,5,12,0,1,1,0,0,0
249,7,1,6,0,6,0,0,1,0,0,0,0,0,0,13,0,1,0,0.9,0.5,0.842244026,11,1,1,0,1,11,0,1,2,1,30,3,0.447213595,0.684887033,-1,1.414213562,0,0.1,0.1,5,3,9,3,8,3,4,2,1,2,9,0,0,0,0,0,1
250,3,2,7,1,0,1,0,0,0,0,0,0,0,0,13,1,0,0,0.4,0,0.78977845,7,1,-1,0,-1,1,1,1,2,1,65,1,0.315277655,0.463881397,0.352136337,1.414213562,0.6,0.2,0,3,1,7,2,10,1,7,2,0,3,11,0,1,0,0,1,0
251,0,1,8,0,0,1,0,0,0,0,0,0,0,0,3,0,0,1,0.9,0.4,0.85476605,11,1,-1,0,-1,14,1,1,2,1,68,3,0.4,0.908715832,0.407430976,3.31662479,0.1,0.2,0.8,2,2,7,4,9,3,7,6,2,0,9,0,1,0,0,1,0
252,5,1,8,0,0,0,0,0,1,0,0,0,0,0,13,1,0,0,0.7,1,1.290833064,11,1,-1,0,-1,0,1,1,2,1,104,3,0.316069613,0.556256674,0.384057287,1,0.3,0.3,0.8,3,1,8,3,11,0,14,2,2,5,5,0,1,0,0,0,0
253,1,1,9,0,0,0,0,0,1,0,0,0,0,0,12,1,0,0,0.3,0,-1,7,1,-1,0,-1,14,1,1,2,1,68,3,0.399499687,0.702960093,0.407430976,2.236067978,0.5,0.1,0.4,1,0,6,1,8,2,6,7,3,2,6,1,1,1,0,0,0
254,5,1,6,1,0,0,0,1,0,0,0,0,0,0,3,0,0,1,0.6,0.3,-1,4,1,-1,0,1,14,0,1,0,1,42,2,0.4,0.753819476,0.393700394,3.31662479,0,0.7,0.3,2,3,7,7,9,2,8,7,1,1,7,0,0,1,1,1,0
255,0,1,5,1,0,0,1,0,0,0,0,1,0,1,0,1,0,0,0.8,0.4,1.202601347,11,1,1,8,0,4,1,0,2,1,6,3,0.4,1.059324984,0.346698717,3.605551276,0.7,0,0.6,1,2,8,3,10,1,18,5,1,1,9,0,0,1,1,0,0
256,1,2,1,0,0,1,0,0,0,0,0,0,0,0,7,1,0,0,0.7,0.1,0.444409721,7,1,1,0,0,0,1,1,1,1,87,3,0.316227766,0.777890504,0.294448637,3.605551276,0.8,0.6,0,4,2,6,3,9,0,9,5,1,1,5,0,1,1,0,0,0
257,4,3,9,1,0,0,0,0,1,0,0,0,0,0,8,1,0,0,0.7,1,1.307191646,11,1,-1,0,-1,1,1,1,2,1,64,1,0.316227766,0.557203021,0.361939221,2.449489743,0.2,0.4,0,4,3,8,2,9,1,9,4,0,5,9,1,1,0,0,0,0
258,1,1,3,1,0,0,0,1,0,0,0,0,0,0,13,1,0,0,0.5,0.3,0.668954408,5,1,1,0,0,0,1,1,2,1,88,3,0.4,0.792931062,0.328937684,3.16227766,0.1,0.7,0.2,2,0,8,7,9,1,12,3,0,6,7,0,1,1,0,0,0
259,3,1,7,0,0,0,1,0,0,0,0,0,0,0,9,1,0,0,0.6,1,1.729342361,9,0,1,9,0,8,-1,0,0,1,104,3,0.447213595,2.05678679,0.399374511,3.605551276,0.2,0.6,0.9,4,2,7,1,7,4,8,8,2,4,4,0,1,1,0,0,0
260,1,1,4,0,0,1,0,0,0,0,0,0,0,0,8,1,0,0,0.1,0.2,-1,11,1,-1,2,-1,0,1,1,2,1,100,0,0.4,0.885477412,0.423083916,3.31662479,0,0.8,0.9,0,1,7,2,11,3,6,4,4,4,8,0,1,0,0,0,0
262,4,2,1,0,0,0,0,1,0,0,0,0,0,0,9,1,0,0,0.5,0.2,0.544288526,7,1,-1,0,-1,11,1,1,2,1,101,3,0.374165739,0.845575505,0.38509739,3.464101615,0.4,0.9,0.7,2,4,7,4,8,2,6,6,2,2,2,0,0,1,0,0,0
267,1,1,4,1,0,0,0,1,0,0,0,0,0,0,13,1,0,0,0,0,0.763216876,7,1,-1,0,-1,14,1,1,2,1,60,1,0.316227766,0.67758001,0.347275107,3.464101615,0.9,0,0.5,2,0,7,3,9,4,11,4,3,4,5,0,1,1,1,1,1
268,0,2,1,1,0,1,0,0,0,0,0,0,0,0,0,1,0,0,0.6,0.2,0.661910115,11,1,-1,0,-1,11,1,1,2,1,11,2,0.316227766,0.67088199,0.368781778,3.31662479,0.4,0.1,0,3,2,8,3,12,2,15,8,5,4,7,0,0,1,0,0,0
270,0,1,6,0,0,1,0,0,0,0,0,0,0,0,12,1,0,0,0.1,0.1,-1,6,1,-1,0,0,0,1,1,0,1,46,3,0.4,0.783797705,0.366333182,3.31662479,0.1,0.8,0.9,2,2,8,5,11,2,10,6,1,2,6,0,1,0,1,0,1
272,0,1,2,0,0,1,0,0,0,0,0,0,0,0,4,0,0,1,0.4,0,0.631466547,7,1,1,0,0,1,1,1,2,1,64,3,0.316227766,0.703004179,0.31144823,3.16227766,0.2,0.7,0.1,1,4,6,3,11,2,14,4,1,0,11,1,0,1,0,1,0
273,1,1,4,0,0,1,0,0,0,0,0,0,0,0,11,1,0,0,0.9,0,0.788194139,7,1,-1,0,-1,4,1,1,2,1,50,2,0.4,0.825460052,0.394334883,3.605551276,0.6,0.1,0.7,3,3,6,3,10,2,13,2,1,5,7,0,0,0,1,0,0
274,5,1,5,0,0,1,0,0,0,0,0,0,0,0,12,1,0,0,0.4,0,0.904848054,7,1,-1,0,-1,0,1,1,2,1,43,1,0.399374511,0.399172698,0.360555128,0,0.4,0.6,0.3,4,3,9,5,10,2,9,6,2,4,8,1,0,0,1,0,0
275,0,2,4,1,0,0,1,0,0,0,0,0,0,0,2,0,0,0,0.9,0.3,0.858778202,9,1,0,0,0,1,1,1,1,0,85,3,0.424264069,0.997281947,0.357770876,3.605551276,0.3,0.4,0.9,5,2,7,3,9,4,8,4,4,1,9,0,1,0,0,1,0
276,2,2,3,1,0,0,0,0,1,0,0,0,0,0,5,1,0,0,0.7,0.5,0.875,11,1,-1,0,-1,6,1,1,2,1,27,3,0.374165739,0.720407942,0.390768474,3.31662479,0.6,0.9,0.4,1,2,6,1,10,3,7,7,0,3,8,0,1,1,0,0,0
277,1,4,11,1,0,0,0,0,1,0,0,0,0,0,0,0,0,1,0.9,0.4,0.794119009,7,0,-1,0,-1,1,1,1,2,1,70,3,0.4,0.77335536,0.396232255,3.464101615,0.5,0.8,0.9,4,2,7,5,8,2,12,5,1,0,7,1,1,1,0,0,0
278,5,1,5,0,0,0,1,0,0,0,0,0,0,0,4,1,0,0,0.9,1.6,1.12388834,11,0,-1,9,-1,9,1,1,2,1,104,3,0.447213595,1.308160181,0.450555213,3.31662479,0.9,0.2,0.9,2,2,7,5,10,2,5,1,4,7,6,0,1,1,1,0,0
279,3,2,1,1,0,0,0,1,0,0,0,0,0,0,6,1,0,0,0.5,0.8,1.178982612,8,1,1,0,1,0,1,1,2,1,88,3,0.4,0.771015484,0.328937684,3,0.6,0.9,0.6,1,3,4,3,9,0,6,3,1,2,7,0,0,1,1,0,0
281,2,1,8,0,0,1,0,0,0,0,0,0,0,0,7,0,1,0,0.5,0.2,0.514174095,7,1,1,0,1,0,1,1,3,1,37,2,0.316227766,0.719503961,0.31144823,3.16227766,0.4,0.3,0.4,2,3,7,3,12,2,7,5,2,1,6,0,1,0,0,0,0
282,2,1,6,1,0,0,0,0,1,0,0,0,0,0,10,0,0,0,0.9,0.9,0.883176087,6,1,-1,0,0,11,1,0,0,1,99,2,0.316227766,0.766552872,0.368781778,3.741657387,0.5,0.9,0.4,5,2,10,3,8,4,7,6,4,1,4,0,1,0,0,0,0
283,1,1,2,0,4,1,0,0,0,0,0,0,0,0,6,1,0,0,0.3,0,0.459619408,7,1,0,0,0,0,1,1,0,1,87,3,0.316227766,0.722441338,0.294448637,3.464101615,0.2,0.9,0.4,2,4,7,2,11,1,7,5,1,5,7,0,1,0,0,1,0
287,6,1,7,0,0,0,0,1,0,0,0,0,0,0,12,1,0,0,0.1,0.1,-1,8,1,-1,0,1,1,1,1,0,1,40,2,0.423792402,0.738730763,0.385356977,3,0.8,0.6,0.5,3,3,8,4,9,4,12,6,2,2,6,0,0,1,0,1,1
288,0,2,1,0,-1,0,0,1,0,0,0,0,0,0,8,1,0,0,0.8,1,0.607762289,11,1,1,0,0,7,-1,1,2,1,92,3,0.374165739,0.775076642,0.327871926,3.464101615,0.9,0.1,0,4,3,8,4,10,3,7,12,2,4,5,0,0,1,0,1,0
289,1,1,6,0,0,1,0,0,0,0,0,0,0,0,12,0,1,0,0.9,0.2,0.529150262,11,1,1,0,1,11,1,1,2,1,67,2,0.374165739,0.710793411,0.300832179,3.31662479,0.5,0.6,0.1,3,1,8,4,10,2,7,10,1,3,19,0,0,0,1,0,0
290,7,1,7,1,6,0,0,0,1,0,0,0,0,0,12,1,0,0,0.9,1.2,1.238951169,2,1,-1,0,1,14,1,1,0,1,82,3,0.316227766,0.683437471,0.388587185,3,0,0.2,0.7,3,0,8,2,10,3,7,5,1,2,8,0,0,1,0,0,0
291,1,1,2,1,0,0,1,0,0,0,0,0,0,0,12,1,0,0,0.9,0.9,1.042532973,7,1,-1,0,-1,14,1,1,2,1,29,3,0.4,0.702974789,0.398497177,2.828427125,0.2,0.6,0.1,1,1,7,4,11,4,8,4,1,1,10,0,1,1,0,0,0
292,3,1,3,1,0,0,1,0,0,0,0,0,0,0,11,0,1,0,0.4,0.2,0.60259854,4,0,-1,9,1,15,1,1,0,1,41,2,0.547722558,1.435313195,0.532916504,3.16227766,0.3,0,0.7,0,2,8,3,10,1,8,3,3,4,11,0,0,1,0,0,0
293,0,1,6,0,5,0,0,1,0,0,0,0,0,0,5,1,0,0,0.6,0.2,0.668019461,7,1,-1,0,-1,11,1,1,2,1,7,3,0.424264069,0.70417879,0.412916456,2.449489743,0.1,0.6,0.7,2,2,6,4,7,1,10,5,2,2,8,0,1,1,0,0,0
294,3,2,8,1,0,0,0,0,1,0,0,0,0,0,5,1,0,0,0.9,1.1,1.299278646,11,1,-1,0,-1,11,1,1,2,1,44,1,0.447213595,0.663465109,0.40620192,2.449489743,0.9,0.2,0.6,2,4,9,3,8,1,13,1,3,3,8,0,0,1,0,0,0
295,4,2,2,0,0,0,0,0,1,0,0,0,0,0,8,1,0,0,0.8,1.2,1.335571039,11,1,-1,0,-1,0,1,1,2,1,39,3,0.316069613,0.717587499,0.374432905,3,0.8,0.6,0.7,4,2,7,2,7,3,5,6,1,2,7,0,0,1,0,0,0
296,1,1,8,1,0,0,1,0,0,0,0,0,0,0,10,0,0,0,0.9,1.3,1.382479656,11,0,1,1,1,9,1,1,1,1,104,2,0.574456265,0.961876609,0.405709256,3,0,0.9,0.2,5,0,6,2,9,3,4,8,2,3,12,0,0,1,0,0,0
297,0,1,6,0,4,1,0,0,0,0,0,0,0,0,7,0,1,0,0.7,0.3,0.731009576,11,1,-1,0,-1,11,1,0,2,1,11,2,0.316227766,0.746396301,0.368781778,3.605551276,0.5,0.1,0.5,2,1,8,2,9,2,11,3,1,4,10,0,0,1,1,1,0
298,3,3,5,1,0,0,0,1,0,0,0,0,0,0,13,0,1,0,0.9,0.7,1.162701595,11,1,-1,0,-1,4,1,1,2,1,84,3,0.316227766,0.67243544,0.366742416,3,0.3,0.1,0.2,1,3,9,3,8,0,11,9,2,4,5,0,0,0,0,0,0
299,6,1,3,1,0,0,0,1,0,0,0,0,0,0,12,1,0,0,0.6,0.4,1.236679021,10,1,-1,0,1,14,1,1,0,1,29,2,0.447213595,1.091176104,0.409145451,3.464101615,0,0.2,0.5,4,4,7,2,11,3,10,3,2,2,10,0,0,1,1,0,0
300,2,3,10,1,0,0,1,0,0,0,0,0,0,0,9,0,1,0,0.8,0.2,0.6,11,1,1,0,0,0,1,1,2,1,22,3,0.316227766,0.80308033,0.310322413,3.605551276,0.5,0.8,0.7,3,0,8,4,9,1,1,7,0,3,14,0,1,1,1,1,1
303,2,3,5,0,0,0,1,0,0,0,0,0,0,0,10,1,0,0,0.7,0.4,1.046123798,4,1,-1,0,1,0,1,1,0,1,104,3,0.4,0.668908078,0.384837628,2.449489743,0.2,0.2,0.9,3,1,5,3,9,4,8,4,2,2,9,0,1,1,1,0,0
304,0,2,0,1,-1,0,1,0,0,0,0,0,0,0,8,1,0,0,0.8,1.3,1.313154599,7,1,1,0,1,9,-1,0,2,1,93,3,0.4,0.901055396,0.316227766,3.605551276,0.7,0.7,0.6,2,3,8,5,9,1,10,3,0,4,12,0,0,0,1,0,0
308,0,1,9,1,0,1,0,0,0,0,0,0,0,0,13,1,0,0,0.9,0.9,1.187960437,11,1,-1,0,-1,1,1,1,2,1,85,3,0.374165739,0.770866744,0.397492138,3.16227766,0.3,0.5,0.8,4,1,8,5,7,2,5,4,2,2,3,0,1,0,1,0,1
314,2,2,0,1,4,0,1,0,0,0,0,0,0,0,0,1,0,0,0,0,0.54025457,0,1,-1,0,0,6,1,1,0,1,27,1,0.374165739,0.720264529,0.390768474,3.31662479,0.9,0.8,0.8,2,2,8,2,12,0,9,7,0,1,10,0,0,1,0,0,0
315,5,4,7,1,0,0,0,0,1,0,0,0,0,0,12,1,0,0,0.9,0.4,0.716327439,7,1,-1,0,-1,4,1,1,2,1,48,3,0.316069613,0.49917287,0.389358447,1.414213562,0.5,0.1,0.7,3,3,7,4,10,2,8,5,1,1,5,0,1,1,1,0,0
317,2,1,6,0,0,1,0,0,0,0,0,0,0,0,9,0,1,0,0.9,0.4,0.85476605,11,1,-1,0,-1,1,1,1,1,1,10,2,0.316227766,0.717807728,0.381444623,3.31662479,0.9,0.1,0.8,3,3,8,4,11,2,6,5,0,5,6,0,1,1,0,1,0
318,6,4,9,1,0,0,0,1,0,0,0,0,0,0,12,1,0,0,0.6,0.5,0.989633771,4,1,1,0,1,14,1,1,2,1,42,2,0.4,0.687025569,0.33763886,2.828427125,0.2,0.2,0.5,3,2,9,1,5,1,4,4,2,5,8,0,0,1,1,1,0
320,2,1,5,1,4,0,1,0,0,0,0,0,0,0,5,0,1,0,0.1,0.1,-1,9,1,1,0,1,0,1,1,2,1,37,2,0.316227766,0.709775311,0.31144823,3.16227766,0.1,0.1,0.9,3,3,7,3,10,3,8,6,1,5,11,0,1,1,0,0,0
322,3,1,2,0,0,0,1,0,0,0,0,0,0,0,1,0,0,1,0.8,1.3,1.617096163,10,1,-1,0,0,4,1,1,0,1,104,2,0.4,0.845955375,0.393827373,3.605551276,0.5,0.1,0.9,2,4,8,1,8,1,11,3,5,1,6,1,0,1,1,0,0
323,0,1,4,0,0,0,0,1,0,0,0,0,0,0,10,1,0,0,0.6,0.3,1.154880946,11,1,1,0,1,1,1,0,0,1,91,3,0.424264069,1.169026932,0.38249183,3.605551276,0.5,0.1,0.5,3,1,7,1,9,5,5,5,0,3,8,0,1,1,0,0,0
327,1,1,6,1,0,0,0,0,1,0,0,0,0,0,4,1,0,0,0.6,0.6,0.998436277,6,1,-1,0,1,11,1,1,0,1,99,2,0.315594677,0.551200793,0.368781778,1.732050808,0.8,0.7,0.4,2,1,7,4,10,4,7,4,0,2,13,1,1,0,0,0,0
329,5,1,4,1,0,0,1,0,0,0,0,0,0,0,7,1,0,0,0.9,1.2,1.556839748,11,0,-1,9,-1,10,1,1,2,1,81,3,0.447213595,1.179035185,0.497594212,3.16227766,0.4,0,0.4,3,1,7,5,8,1,2,6,2,1,4,0,1,0,1,0,0
331,0,1,3,0,0,1,0,0,0,0,0,0,0,0,7,1,0,0,0.8,0.2,0.60259854,7,1,0,0,1,0,1,1,3,1,66,3,0.399874981,0.699099184,-1,2.828427125,0.8,0.3,0,2,1,10,5,10,2,12,4,0,0,3,0,1,0,0,0,1
332,1,1,3,1,0,0,1,0,0,0,0,0,0,0,0,0,1,0,0.8,0.5,0.951643315,4,0,-1,0,0,15,0,1,0,1,5,2,0.424264069,0.981828704,0.4,3.16227766,0.6,0.4,0.7,3,4,9,0,9,1,9,2,0,2,9,0,0,1,0,0,0
333,1,1,2,0,0,0,1,0,0,0,0,0,0,0,8,1,0,0,0.9,0.6,1.184799561,6,1,-1,9,1,9,1,0,0,1,104,2,0.447213595,1.448852496,0.444971909,3.741657387,0.3,0.5,0.9,3,1,8,3,10,0,9,10,2,4,16,0,1,0,0,0,0
334,1,1,3,1,0,0,0,0,1,0,0,0,0,0,7,1,0,0,0.9,0.6,0.962743476,11,1,-1,0,-1,0,1,1,2,1,39,1,0.316069613,0.618699649,0.374432905,2.645751311,0.4,0.8,0.9,1,1,5,3,6,2,6,3,0,5,6,0,1,0,0,0,0
335,3,1,4,0,3,0,0,1,0,0,0,0,0,0,6,1,0,0,0.2,0.3,-1,7,1,-1,0,-1,0,1,1,2,1,87,3,0.316227766,0.708134553,0.36152455,3,0.7,0.8,0.5,1,2,8,1,11,4,15,6,1,1,7,0,1,1,0,1,0
336,0,2,0,0,6,0,0,1,0,0,0,0,0,0,0,0,0,0,0,0,-1,6,1,-1,0,0,1,1,1,0,1,70,3,0.374165739,0.772125434,0.393700394,3.16227766,0.3,0.3,0.8,4,1,7,2,10,3,4,8,2,4,8,0,1,0,1,0,0
337,1,1,3,0,0,1,0,0,0,0,0,0,0,0,11,1,0,0,0.9,0.4,0.733570038,6,0,-1,0,0,15,1,1,0,1,104,3,0.424028301,0.742649935,0.347131099,2.236067978,0.5,0.4,0.9,3,2,9,3,9,0,7,8,0,3,1,0,1,1,0,1,0
341,4,2,3,1,0,0,1,0,0,0,0,0,0,0,9,0,1,0,0.9,0.2,0.571182983,7,1,0,0,1,0,1,1,1,1,22,1,0.316227766,0.704618765,0.310322413,3.16227766,0.5,0.7,0,2,0,8,6,10,1,7,6,1,2,5,0,1,0,0,0,0
343,1,2,3,1,0,0,0,1,0,0,0,0,0,0,11,1,0,0,0.3,0,0.668487098,7,1,-1,0,-1,11,1,1,0,1,11,2,0.316227766,0.687536626,0.368781778,3.464101615,0.3,0.9,0.1,2,2,6,3,10,3,5,5,2,1,4,0,1,0,0,0,0
345,5,1,6,1,0,0,0,1,0,0,0,0,0,0,13,1,0,0,0.2,0.3,-1,7,0,1,0,1,1,1,1,2,1,31,3,0.424264069,0.879776221,0.34176015,3.16227766,0,0.6,0.9,2,3,6,4,9,3,11,4,2,4,11,0,1,1,0,0,0
347,3,1,5,0,6,1,0,0,0,0,0,0,0,0,0,1,0,0,0.2,0.3,-1,7,1,-1,0,-1,1,1,1,0,1,65,3,0.316227766,0.589158245,0.350713558,2.828427125,0,0.8,0.1,3,1,8,3,10,1,4,5,1,3,8,0,0,1,0,0,0
348,2,2,5,0,0,0,1,0,0,0,0,0,0,0,5,1,0,0,0.9,1.6,1.423464085,11,1,-1,0,-1,1,1,1,2,1,104,3,0.424264069,0.969048908,-1,3.464101615,0.4,0.9,0.8,2,3,8,2,11,3,4,5,2,4,6,0,1,1,0,0,0
349,0,1,6,0,0,1,0,0,0,0,0,0,0,0,6,0,1,0,0.6,0.5,1.01396499,7,1,-1,0,-1,1,1,1,2,1,10,2,0.316227766,0.713795582,0.381444623,3.16227766,0,0.8,0.4,2,0,6,2,8,1,6,1,2,2,8,0,1,0,1,1,0
352,1,1,4,1,0,0,0,0,1,0,0,0,0,0,13,1,0,0,0.5,0,0.82234421,11,1,-1,0,-1,4,1,1,0,1,48,3,0.316227766,0.548212723,0.394334883,2.236067978,0,0.5,0.9,0,0,6,2,10,0,10,8,0,3,3,0,0,0,0,0,0
353,1,2,2,0,0,1,0,0,0,0,0,0,0,0,7,1,0,0,0.9,0.3,0.522015325,7,1,-1,0,-1,14,1,1,2,1,49,3,0.4,0.791287788,0.368510515,3.605551276,0.6,0.3,0.3,3,1,7,1,9,2,6,3,1,1,8,1,1,1,0,0,0
354,2,1,1,1,0,0,1,0,0,0,0,0,0,0,2,0,0,1,0.2,0.3,-1,11,1,1,0,0,11,1,1,2,1,103,3,0.316227766,0.668815408,0.288790582,3.31662479,0.5,0.8,0.3,3,2,7,1,9,1,6,7,1,1,6,0,1,0,0,0,1
355,0,1,6,0,0,0,0,0,1,0,0,0,0,0,5,0,0,1,0.9,0.3,0.766893083,7,1,-1,0,-1,1,1,1,1,1,40,2,0.374165739,0.743192243,0.381444623,3.16227766,0.3,0.5,0.9,3,0,10,3,7,3,12,7,0,3,5,0,0,1,0,0,0
356,1,1,6,0,0,1,0,0,0,0,0,0,0,0,13,0,1,0,0.3,0,0.905883547,5,1,0,2,1,1,1,1,2,1,90,0,0.374165739,0.704677407,0.321091887,3.31662479,0.7,0.8,0.4,3,1,8,2,10,3,11,6,4,3,7,0,0,1,1,0,0
357,0,2,2,0,0,0,0,0,1,0,0,0,0,0,8,1,0,0,0.8,0.8,1.145643924,11,1,0,0,0,14,1,1,2,1,82,3,0.316227766,0.649125286,0.329241553,3,0.9,0.2,0.5,3,1,6,3,8,3,11,10,1,3,8,0,1,0,0,0,0
358,2,1,3,1,0,0,0,0,1,0,0,0,0,0,4,1,0,0,0.7,0.3,0.808548081,11,1,-1,0,-1,11,1,1,3,1,99,2,0.316227766,0.604716312,0.368781778,2.828427125,0.6,0.3,0.4,3,3,8,1,11,1,9,8,0,2,14,0,0,0,1,0,0
359,1,2,1,1,0,0,0,0,1,0,0,0,0,0,3,1,0,0,0.7,0.2,0.428660705,7,1,-1,0,-1,11,1,1,2,1,99,2,0.316227766,0.645710577,0.392428337,2.449489743,0,0.9,0.2,1,4,6,3,9,2,14,7,2,2,8,0,1,1,1,0,0
361,2,1,1,1,0,0,1,0,0,0,0,0,0,0,8,1,0,0,0.8,0.3,0.743723739,8,1,-1,0,0,1,1,1,0,1,80,2,0.316227766,0.726303331,-1,3.464101615,0.7,0,0.8,2,2,7,3,10,4,8,11,2,3,12,0,1,0,1,1,0
362,1,1,4,1,0,1,0,0,0,0,0,0,0,0,6,1,0,0,0.4,0,0.911386307,4,1,-1,0,1,1,1,1,0,1,65,1,0.316227766,0.554321863,0.350713558,2.828427125,0,0.6,0.5,4,1,9,3,10,3,12,2,1,3,12,0,0,0,0,0,0
365,2,1,6,0,1,1,0,0,0,0,0,0,0,0,4,1,0,0,0.9,0.4,0.967600124,11,0,-1,0,-1,10,1,1,1,1,83,2,0.424264069,0.954545455,0.418568991,3,0.6,0.6,0.6,3,2,8,4,11,5,8,7,1,0,8,0,0,1,0,1,0
366,1,1,9,0,0,0,1,0,0,0,0,0,0,0,0,0,0,1,0.2,0.1,-1,10,1,-1,8,1,11,1,1,0,1,24,2,0.529150262,1.114304067,0.5399074,2.828427125,0.4,0.2,0.7,4,3,9,2,10,1,13,1,0,5,7,0,1,0,0,0,0
368,5,1,4,1,0,0,0,1,0,0,0,0,0,0,10,1,0,0,0.4,0.4,0.687386354,11,1,1,0,1,14,1,1,2,1,49,3,0.4,0.73325945,-1,3.16227766,0.6,0.2,0.1,4,2,8,2,11,1,8,3,2,1,4,0,1,1,1,0,0
369,3,1,3,1,0,1,0,0,0,0,0,0,0,0,0,0,0,1,0.7,0.1,0.346410162,7,1,-1,0,-1,11,1,1,2,1,16,3,0.424264069,0.74664539,0.390512484,3,0,0.3,0.5,1,3,10,2,5,3,7,5,1,0,10,1,1,1,0,0,0
371,0,1,3,1,0,0,0,0,1,0,0,0,0,0,10,0,0,0,0.9,0.8,0.708431366,11,1,-1,0,-1,4,1,0,2,1,84,3,0.316227766,0.773181685,0.366742416,3.605551276,0.9,0,0.6,3,2,8,2,9,1,13,2,1,4,5,0,1,0,0,0,0
373,0,1,1,1,0,1,0,0,0,0,0,0,0,0,10,1,0,0,0.1,0.3,-1,4,1,0,0,0,1,1,1,0,1,65,3,0.316227766,0.672957577,0.289827535,3.605551276,0.5,0.1,0,2,2,6,6,11,2,13,4,1,2,10,0,1,1,1,0,0
376,0,1,5,0,0,0,1,0,0,0,0,0,0,0,3,0,0,1,0.1,0.3,-1,7,1,1,8,0,4,-1,0,2,1,104,2,0.479583152,1.512509818,-1,3.741657387,0.9,0,0.9,1,0,8,4,6,2,9,7,1,1,7,1,1,0,0,0,0
377,1,1,5,0,0,0,0,0,1,0,0,0,0,0,9,1,0,0,0.6,0.6,1.15677353,7,1,1,8,0,13,1,1,2,1,104,3,0.5,1.218300537,0.434165867,3.16227766,0.6,0.2,0.4,2,4,7,3,11,1,11,6,1,5,11,0,0,1,0,1,0
379,0,1,3,0,0,0,1,0,0,0,0,0,0,0,2,1,0,0,0,0.9,-1,10,0,-1,0,1,4,1,1,0,1,104,2,0.447213595,0.812467418,-1,3,0.7,0,0.6,4,1,7,3,7,2,7,4,0,4,4,1,1,1,1,0,0
381,2,1,1,1,0,1,0,0,0,0,0,0,0,0,9,0,1,0,0.6,0.1,0.471699057,11,1,-1,0,-1,1,1,1,2,1,64,3,0.316227766,0.63229217,0.370135111,2.645751311,0.6,0.1,0.7,1,1,9,3,8,1,10,4,0,5,6,0,1,1,0,0,0
382,2,1,4,0,0,0,0,1,0,0,0,0,0,0,12,0,1,0,0.4,0,0.566789202,6,1,-1,0,1,1,1,1,0,1,85,3,0.374165739,0.713100552,0.397492138,2.828427125,0,0,0.7,3,4,9,3,9,1,9,7,1,6,5,0,0,1,0,0,1
383,0,1,3,1,0,1,0,0,0,0,0,0,0,0,12,1,0,0,0.4,0,0.721976454,6,1,-1,0,1,0,1,1,0,1,87,3,0.316227766,0.691178177,0.36152455,3.16227766,0.2,0.7,0.8,3,1,7,2,10,1,6,12,1,5,8,1,0,0,0,1,0
384,1,1,2,0,0,0,0,0,1,0,0,0,0,0,10,1,0,0,0.9,0.2,0.592135964,11,0,-1,1,-1,11,1,1,1,1,104,2,0.489897949,1.119262228,0.444634681,3.31662479,0.2,0.2,0.8,4,3,9,4,10,3,7,7,4,5,9,0,1,0,1,0,0
385,0,1,4,0,0,0,1,0,0,0,0,0,0,0,4,1,0,0,0.7,0,0.373329613,4,1,1,0,0,1,1,0,2,1,52,3,0.374165739,0.789392485,0.297321375,3.741657387,0.9,0.3,0.2,2,2,7,2,9,2,3,8,1,1,5,0,1,1,0,1,0
